id;name;surname;bio;photo_url
1;Stravenue Checking Account Corporate;attitude users transparent;monitor alliance Auto Loan Account;Fantastic Soft Ball primary
2;bus Clothing;European Unit of Account 17(E.U.A.-17) open architecture;New Hampshire mint green Keyboard;GB incentivize Regional
3;Home one-to-one;Silver RAM JBOD;Croatia;Village middleware
4;Soap Metal;back-end;bus Ergonomic Frozen Fish Computer;tan parse
5;Books target;transmitter;Belize;Concrete Handmade Frozen Computer Compatible
6;COM Rubber Music;Buckinghamshire;withdrawal District;e-markets deliverables
7;Botswana engage Avon;Regional Plastic;Visionary CFA Franc BCEAO Tools;mobile mint green
8;violet;Planner;Director SDD;Intelligent Soft Cheese user-centric
9;Practical Plastic Shoes;Cotton Bedfordshire;USB navigating;Chile
10;Cotton Zloty;Representative pixel compelling;Interactions Extensions Coordinator;secondary
