id;title;description;date
1;Home SDD cyan;Brunei Darussalam Orchestrator Fish;2020-05-07T21:34:42
2;Customer Surinam Dollar;optical;2020-05-07T08:22:51
3;HDD Bouvet Island (Bouvetoya);Plastic;2020-05-07T09:34:35
4;Cross-group;New Israeli Sheqel District;2020-05-07T21:04:45
5;Lesotho;multi-state Generic Tuna;2020-05-07T21:31:00
6;circuit Licensed Rubber Shirt;discrete;2020-05-07T09:56:10
7;transmit Human value-added;Handmade violet bandwidth;2020-05-07T09:49:24
8;reboot Kids Hat;COM Frozen Fresh;2020-05-07T21:24:05
9;Unbranded;card;2020-05-06T22:52:56
10;Cambridgeshire;Dynamic composite;2020-05-06T23:37:19
